Rank,Name,FirstYear,LastYear,Seasons,Games,PA,HR,RBI,Runs,Hits,OPS_plus,G,O,L,D,GOLD,Tier
1,Barry Bonds,1993,2007,15,1976,8351,586,1440,1555,1951,197.7,100.0,100.0,84.2,100.0,96.8,Gold Standard
2,Willie McCovey,1959,1980,19,2256,8523,469,1388,1113,1974,148.5,81.7,99.0,100.0,99.5,94.1,Elite Gold
3,Willie Mays,1958,1972,15,2095,8717,459,1350,1480,2284,155.6,88.3,99.5,88.1,98.5,93.7,Elite Gold
4,Buster Posey,2009,2021,12,1371,5607,158,729,663,1500,128.0,46.3,94.4,59.4,97.4,73.6,Silver
5,Will Clark,1986,1993,8,1160,4878,176,709,687,1278,143.2,44.2,98.0,45.9,98.0,71.4,Silver
6,Orlando Cepeda,1958,1966,9,1114,4532,226,767,652,1286,138.5,42.9,96.9,46.0,96.9,70.6,Silver
7,Brandon Belt,2011,2022,12,1310,5079,175,584,628,1146,122.3,42.1,92.3,57.4,92.3,70.3,Silver
8,Jack Clark,1975,1984,10,1044,4300,163,595,597,1034,132.4,38.1,95.4,45.4,94.4,68.0,Bronze
9,Matt Williams,1987,1996,10,1120,4497,247,732,594,1092,120.6,40.2,89.3,47.9,95.9,67.6,Bronze
10,Bobby Bonds,1968,1974,7,1014,4610,186,552,765,1106,129.4,41.2,94.9,39.4,89.8,66.7,Bronze
11,Jeff Kent,1997,2002,6,900,3903,175,689,570,1021,133.6,38.0,95.9,34.0,96.4,66.3,Bronze
12,Jim Ray Hart,1963,1973,11,1001,3836,157,526,488,965,127.9,32.7,93.9,45.7,93.4,65.8,Bronze
13,Pablo Sandoval,2008,2020,11,1149,4342,135,569,484,1130,116.6,34.8,85.2,50.5,91.8,64.5,Bronze
14,Darrell Evans,1976,1983,8,1094,4406,142,525,534,952,118.3,35.5,87.8,43.7,91.3,64.0,Bronze
15,J.T. Snow,1997,2008,10,1183,4497,124,615,561,1043,111.2,37.5,78.6,50.0,86.7,62.1,Bronze
16,Kevin Mitchell,1987,1991,5,624,2516,143,411,351,614,146.9,24.3,98.5,23.4,99.0,61.3,Bronze
17,Brandon Crawford,2011,2023,13,1654,6238,146,744,669,1392,97.0,45.6,50.5,70.3,86.2,60.1,Bronze
18,Robby Thompson,1986,1996,11,1304,5235,119,458,671,1187,105.0,37.6,66.8,55.6,83.7,59.2,Bronze
19,Chili Davis,1981,1987,7,874,3564,101,418,432,840,112.4,27.8,80.1,34.9,89.3,57.2,Bronze
20,Rich Aurilia,1995,2009,12,1292,4879,143,574,574,1226,98.4,37.4,53.6,56.8,90.8,56.8,Bronze
21,Dick Dietz,1966,1971,6,536,1983,62,271,200,428,126.3,16.4,92.9,22.2,93.9,56.0,Bronze
22,Jeffrey Leonard,1981,1988,8,789,3170,99,435,381,809,110.2,25.2,76.5,33.7,84.7,54.2,Bronze
23,Ellis Burks,1998,2000,3,284,1104,60,214,169,290,141.3,11.6,97.4,8.9,95.4,53.6,Bronze
24,Tom Haller,1961,1967,7,761,2744,107,320,301,587,112.8,21.4,81.1,31.2,80.6,53.1,Bronze
25,Felipe Alou,1958,1963,6,719,2479,85,325,337,655,115.2,20.5,84.2,28.1,78.6,52.7,Bronze
26,Hunter Pence,2012,2020,8,789,3151,95,412,391,763,107.3,25.0,71.4,33.7,82.7,52.2,Bronze
27,Gary Matthews,1972,1976,5,594,2479,64,296,318,624,121.0,20.3,89.8,22.4,73.0,52.1,Bronze
28,Mike Yastrzemski,2019,2023,5,554,2107,88,261,305,444,112.7,18.0,80.6,21.1,88.3,51.4,Bronze
29,Bob Brenly,1981,1989,9,823,2903,90,327,312,632,107.3,21.7,71.9,36.5,77.6,50.9,Bronze
30,Mike Ivie,1978,1981,4,336,1131,42,172,114,287,121.9,9.4,91.3,12.3,90.3,50.7,Bronze
31,Brett Butler,1988,1990,3,471,2083,13,123,317,523,117.6,14.9,87.2,15.0,82.1,50.1,Bronze
32,Melky Cabrera,2012,2012,1,113,501,11,60,84,159,138.0,4.6,96.4,0.0,94.9,49.3,Bronze
33,Ken Henderson,1965,1972,8,674,2483,61,270,316,551,107.8,19.1,73.0,30.0,78.1,49.2,Bronze
34,Bill Madlock,1977,1979,3,331,1364,34,131,183,364,117.5,10.6,86.2,10.5,87.8,48.7,Bronze
35,Joc Pederson,2022,2023,2,255,858,38,121,116,188,122.2,7.5,91.8,6.3,87.2,48.5,Bronze
36,Moisés Alou,2005,2006,2,221,868,41,137,119,241,127.5,8.3,93.4,5.2,84.2,48.4,Bronze
37,Wilmer Flores,2020,2023,4,471,1705,72,216,210,390,113.7,13.9,82.1,16.7,80.1,48.2,Bronze
38,Aubrey Huff,2010,2012,3,359,1342,39,152,152,308,113.3,10.5,81.6,11.4,88.8,47.7,Bronze
39,Ray Durham,2003,2008,6,734,2958,77,356,401,718,104.8,24.3,65.3,28.6,74.5,47.5,Bronze
40,Randy Winn,2005,2009,5,666,2799,51,262,343,735,99.8,20.9,58.2,24.7,92.9,47.2,Bronze
41,Joe Morgan,1981,1982,2,224,932,22,92,115,208,121.7,7.4,90.8,5.3,83.2,47.2,Bronze
42,Bobby Murcer,1975,1976,2,294,1256,34,181,153,295,121.3,10.6,90.3,7.6,76.0,47.0,Bronze
43,Jim Davenport,1958,1970,13,1501,4982,77,456,552,1142,90.0,33.1,34.7,65.3,64.8,46.4,Bronze
44,Darin Ruf,2020,2023,4,256,753,32,102,99,159,117.6,6.5,86.7,9.7,81.6,46.2,Bronze
45,Ed Bailey,1961,1965,4,332,1096,51,167,113,224,112.1,9.1,79.1,12.2,85.7,46.0,Bronze
46,Armando Rios,1998,2001,4,292,809,33,131,111,197,118.4,7.5,88.3,10.8,75.0,45.9,Bronze
47,Chris Brown,1984,1987,4,308,1184,30,138,130,305,116.8,8.9,85.7,11.4,70.9,44.8,Bronze
48,Mark Carreon,1993,1996,4,327,1025,36,169,123,271,113.8,8.8,82.7,12.0,74.0,44.6,Bronze
49,Joel Youngblood,1983,1988,6,602,1647,39,183,174,391,105.0,11.8,66.3,24.3,81.1,44.5,Bronze
50,Candy Maldonado,1986,1989,4,522,1862,59,279,210,433,107.5,14.8,72.4,18.4,72.4,44.3,Bronze
51,Pat Burrell,2010,2011,2,188,560,25,72,58,119,119.2,4.7,88.8,4.1,77.0,44.3,Bronze
52,Dave Kingman,1971,1974,4,409,1403,77,217,177,278,110.5,12.2,77.6,14.7,71.4,44.2,Bronze
53,Alex Dickerson,2019,2021,3,219,653,29,91,93,156,114.5,5.7,83.7,6.8,79.1,44.0,Bronze
54,Chris Speier,1971,1989,10,1114,4284,70,409,445,924,93.5,29.2,43.4,47.7,63.3,44.0,Bronze
55,Marco Scutaro,2012,2014,3,193,828,5,75,98,234,114.0,5.8,83.2,5.9,79.6,43.8,Bronze
56,Mike Aldrete,1986,1988,3,349,1111,14,126,121,274,112.1,8.3,79.6,11.0,75.5,43.7,Bronze
57,Dan Gladden,1983,1986,4,348,1419,16,110,196,353,105.3,9.8,68.4,12.7,85.2,43.0,Bronze
58,Marvin Benard,1995,2003,9,891,2945,54,260,441,714,96.7,22.2,50.0,38.7,66.8,42.8,Bronze
59,Mike Morse,2014,2017,2,155,522,17,64,49,129,115.9,4.0,84.7,3.0,76.5,42.5,Bronze
60,Austin Slater,2017,2023,7,550,1486,38,153,186,336,105.1,11.2,67.9,24.3,69.4,42.4,Bronze
61,Willie Kirkland,1958,1960,3,394,1548,57,189,171,364,110.5,12.4,78.1,12.5,62.8,42.2,Bronze
62,Ángel Pagán,2012,2016,5,583,2471,31,205,321,639,103.2,17.6,62.8,22.0,68.4,42.2,Bronze
63,Glenallen Hill,1995,1997,3,358,1388,54,217,174,341,108.0,11.9,73.5,11.3,70.4,42.0,Bronze
64,Willie McGee,1991,1994,4,444,1748,14,148,195,483,106.1,11.8,68.9,15.8,66.3,40.6,Bronze
65,LaMonte Wade Jr.,2021,2023,3,321,1151,43,127,145,240,109.7,9.1,75.5,10.1,65.3,40.5,Bronze
66,Bill Mueller,1996,2002,6,605,2440,28,214,333,609,101.7,18.1,60.2,24.4,60.2,40.4,Bronze
67,Jack Hiatt,1965,1969,5,290,803,18,102,63,158,108.7,5.9,74.5,12.4,68.9,40.4,Bronze
68,Evan Longoria,2018,2022,5,477,1818,70,239,212,412,103.3,14.4,63.3,18.6,65.8,40.2,Bronze
69,Garry Maddox,1972,1975,4,421,1738,32,188,221,469,103.8,12.9,64.3,15.1,67.9,39.7,Bronze
70,Joe Panik,2014,2019,6,643,2598,36,221,288,631,95.8,17.7,48.5,25.6,73.5,39.7,Bronze
71,Andres Torres,2009,2013,4,429,1438,28,126,197,322,103.4,10.9,63.8,15.3,69.9,39.4,Bronze
72,Gary Thomasson,1972,1977,6,604,1910,38,201,233,426,99.7,14.3,57.7,24.4,63.8,39.2,Bronze
73,Terry Whitfield,1977,1980,4,514,1688,26,138,201,442,106.8,11.7,70.9,18.1,53.6,39.1,Bronze
74,J.D. Davis,2022,2023,2,193,704,26,83,81,155,108.7,5.5,74.0,4.3,71.9,39.1,Bronze
75,Donovan Solano,2019,2021,3,236,775,14,83,84,219,109.9,5.7,76.0,7.4,64.3,38.9,Bronze
76,Harvey Kuenn,1961,1965,5,515,2009,25,173,240,500,100.7,14.0,58.7,19.8,61.2,38.0,Bronze
77,Andrew McCutchen,2018,2018,1,130,568,15,55,65,123,110.4,4.3,77.0,0.6,61.7,36.9,Bronze
78,Willie Montanez,1975,1976,2,195,826,10,105,74,229,109.1,6.0,75.0,4.3,56.6,36.5,Bronze
79,Von Joshua,1975,1976,2,171,707,7,45,88,202,106.1,4.9,69.4,3.6,67.3,36.5,Bronze
80,Ernie Riles,1988,1990,3,293,722,18,89,91,170,106.3,5.5,69.9,9.2,59.2,36.3,Bronze
81,Grégor Blanco,2012,2018,6,717,2257,21,169,263,508,95.0,15.0,46.4,28.1,59.7,36.0,Bronze
82,Juan Uribe,2009,2010,2,270,1007,40,140,114,244,105.0,8.2,67.3,6.8,55.6,35.2,Bronze
83,Milt May,1980,1983,4,388,1384,23,142,94,341,99.5,9.0,57.1,14.0,62.2,35.1,Bronze
84,Nate Schierholtz,2007,2012,6,503,1316,23,118,145,326,98.4,9.2,54.6,21.1,58.2,35.0,Bronze
85,Ron Hunt,1968,1970,3,393,1661,11,110,221,360,102.7,10.6,61.2,12.5,53.1,34.6,Bronze
86,Thairo Estrada,2021,2023,3,312,1203,35,133,153,294,103.9,8.9,64.8,9.8,52.6,34.6,Bronze
87,Larry Herndon,1976,1981,6,682,2305,24,186,244,568,93.5,14.9,42.9,26.9,54.6,33.6,Bronze
88,Cody Ross,2010,2011,2,154,543,17,59,65,118,106.3,4.1,70.4,3.0,51.5,33.3,Bronze
89,Brian Johnson,1997,1998,2,155,547,24,61,53,123,101.0,4.1,59.2,3.0,60.7,31.7,Bronze
90,Stan Javier,1996,1999,4,460,1677,17,151,225,413,97.3,12.1,51.5,16.3,46.4,31.6,Bronze
91,Brent Mayne,1998,1999,2,211,691,5,71,65,172,102.7,4.9,60.7,4.9,54.1,31.5,Bronze
92,Reggie Sanders,2002,2002,1,140,571,23,85,75,126,104.9,4.8,65.8,0.9,50.0,31.4,Bronze
93,Fred Lewis,2006,2009,4,326,1048,16,81,169,258,101.2,8.2,59.7,12.0,42.3,31.2,Bronze
94,Ramon Martinez,1998,2002,5,368,1045,20,106,129,249,95.5,7.6,48.0,15.0,56.1,30.9,Bronze
95,Bill North,1979,1981,3,316,1222,7,61,182,252,98.4,8.4,55.1,10.0,49.0,30.8,Bronze
96,Matt Duffy,2014,2016,3,253,962,16,106,114,250,98.4,6.9,55.6,7.9,52.0,30.7,Bronze
97,Ed Goodson,1970,1975,6,324,1068,25,140,92,275,94.8,7.5,45.4,15.2,55.1,29.9,Bronze
98,Pedro Feliz,2000,2007,8,874,3027,109,418,346,716,85.5,23.5,26.5,36.5,36.2,29.6,Bronze
99,Kevin Bass,1990,1992,3,274,924,24,102,93,209,98.4,6.5,54.1,8.6,48.0,29.5,Bronze
100,Steve Ontiveros,1973,1976,4,311,910,8,74,77,206,97.2,5.9,51.0,11.5,49.5,29.3,Bronze
101,Tito Fuentes,1965,1974,9,1054,4183,34,306,417,1000,81.3,24.8,19.4,44.1,35.7,29.2,Bronze
102,José Cruz,2003,2003,1,158,650,20,68,90,135,102.9,5.3,62.2,1.5,40.8,28.7,Bronze
103,Freddy Sanchez,2009,2011,3,196,847,11,78,87,224,98.8,5.6,56.1,6.0,44.4,28.6,Bronze
104,David Bell,2002,2002,1,154,628,20,73,82,144,102.9,4.9,61.7,1.3,40.3,28.3,Bronze
105,Todd Benzinger,1993,1995,3,202,559,16,59,59,140,97.4,4.0,52.0,6.2,51.0,28.3,Bronze
106,Darryl Hamilton,1997,1998,2,222,965,6,69,143,232,98.2,7.0,53.1,5.2,45.4,28.1,Bronze
107,Dave Rader,1971,1976,6,583,2011,22,161,193,471,90.1,12.7,35.2,23.7,42.9,27.7,Bronze
108,Mike Felder,1991,1992,2,277,734,4,41,95,184,97.5,4.7,52.6,7.0,43.9,27.3,Bronze
109,Marquis Grissom,2003,2005,3,338,1371,44,184,168,362,94.9,10.8,45.9,10.7,39.8,27.1,Bronze
110,Steve Scarsone,1993,1996,4,281,810,20,80,98,178,90.9,5.7,37.8,10.5,57.1,26.6,Bronze
111,Travis Ishikawa,2006,2015,6,334,752,17,95,88,180,94.1,5.6,44.4,15.6,38.3,25.8,Bronze
112,Jose Uribe,1985,1992,8,985,3283,19,213,299,721,77.0,18.7,11.2,40.2,43.4,25.7,Bronze
113,Benito Santiago,2001,2003,3,367,1466,33,175,148,370,92.7,10.6,41.8,11.6,37.8,25.6,Bronze
114,Eduardo Núñez,2016,2017,2,126,517,8,51,61,142,99.0,3.7,56.6,2.1,33.7,25.3,Bronze
115,Len Gabrielson,1965,1966,2,182,568,8,42,63,133,91.5,3.6,39.3,3.9,57.7,25.2,Bronze
116,Daryl Spencer,1958,1959,2,300,1248,29,136,130,285,95.4,9.0,47.4,7.8,31.4,24.8,Bronze
117,Al Gallagher,1970,1973,4,332,1081,11,104,98,248,92.5,7.0,41.3,12.2,38.8,24.7,Bronze
118,Tom O'Malley,1982,1984,3,240,827,7,72,68,189,95.2,5.2,46.9,7.5,36.7,24.5,Bronze
119,Denard Span,2016,2017,2,272,1179,23,96,143,287,96.1,8.4,49.5,6.9,25.5,23.8,Bronze
120,Matty Alou,1960,1965,6,453,1131,12,72,136,272,81.1,6.8,18.9,19.4,58.7,23.3,Bronze
121,Derrel Thomas,1975,1977,3,373,1492,16,111,212,347,92.0,10.3,40.3,11.8,28.6,23.2,Bronze
122,Bengie Molina,2007,2010,4,472,1827,58,273,153,474,90.3,13.4,35.7,16.7,24.5,23.0,Bronze
123,Shawon Dunston,1996,2002,4,278,708,18,67,70,181,90.0,4.7,34.2,10.4,45.9,22.9,Bronze
124,Duane Kuiper,1982,1985,4,271,606,0,42,48,131,88.1,3.4,30.6,10.2,50.5,22.3,Bronze
125,Jesús Alou,1963,1968,6,633,2347,18,174,243,626,85.4,13.8,26.0,25.3,25.0,22.0,Bronze
126,Jackie Brandt,1958,1959,2,155,530,12,60,70,129,95.9,4.0,49.0,3.0,26.5,21.8,Bronze
127,Yorvit Torrealba,2001,2005,5,220,681,13,75,76,152,89.8,4.9,33.2,10.2,41.3,21.7,Bronze
128,Steven Duggar,2018,2022,5,254,805,14,87,96,179,86.7,5.7,28.1,11.3,44.9,21.4,Bronze
129,Charlie Hayes,1988,1999,4,216,683,18,110,72,150,87.0,5.2,28.6,8.4,46.9,21.2,Bronze
130,Kelby Tomlinson,2015,2018,4,273,687,3,47,77,164,86.5,4.2,27.0,10.2,48.5,21.1,Bronze
131,Mauricio Dubón,2019,2022,4,177,522,15,58,63,125,92.5,3.8,40.8,7.1,31.4,21.1,Bronze
132,Andre Rodgers,1958,1960,3,174,583,10,57,61,123,93.9,4.0,43.9,5.3,27.0,20.8,Bronze
133,Terry Kennedy,1989,1991,3,301,918,10,73,56,209,90.8,5.4,36.7,9.5,31.4,20.8,Bronze
134,Ollie Brown,1965,1968,4,281,942,20,97,83,215,87.7,6.0,30.1,10.5,37.2,20.4,Bronze
135,Michael Tucker,2004,2005,2,244,833,18,95,109,179,93.2,6.4,42.3,5.9,21.9,20.2,Bronze
136,Bob Schmidt,1958,1961,4,310,1010,27,112,94,233,91.3,7.0,38.8,11.4,19.4,19.9,Bronze
137,Dave Marshall,1967,1969,3,187,515,3,49,49,108,91.1,3.2,38.3,5.8,31.4,19.9,Bronze
138,Aaron Rowand,2008,2011,4,509,1865,43,189,194,432,88.5,12.7,31.6,17.9,13.8,19.6,Bronze
139,Edgardo Alfonzo,2003,2005,3,390,1564,26,201,158,385,89.9,11.3,33.7,12.4,17.9,19.5,Bronze
140,Kirt Manwaring,1987,1996,10,709,2384,16,207,174,526,77.3,13.4,12.8,34.5,20.7,18.9,Bronze
141,Gorkys Hernández,2016,2018,3,296,856,17,66,99,190,86.7,5.6,27.6,9.3,34.2,18.7,Bronze
142,Eugenio Velez,2007,2010,4,225,678,8,71,84,160,84.5,4.8,25.0,8.7,39.3,18.5,Bronze
143,Jose Pagan,1959,1965,7,655,2242,19,178,215,494,72.0,13.0,9.2,27.7,29.1,18.0,Bronze
144,Nick Hundley,2017,2018,2,197,608,19,66,61,138,90.8,4.3,37.2,4.4,21.4,17.6,Bronze
145,Kevin Pillar,2019,2019,1,156,628,21,87,82,157,94.3,4.9,44.9,1.4,11.2,17.5,Bronze
146,Greg Litton,1989,1992,4,291,672,10,71,51,141,82.3,4.0,22.4,10.8,35.2,17.2,Bronze
147,Johnnie LeMaster,1975,1985,11,986,3404,21,220,313,695,64.8,18.4,5.6,45.2,4.6,17.1,Bronze
148,Hobie Landrith,1959,1961,3,223,641,6,59,59,134,88.6,4.1,32.1,6.9,24.0,17.1,Bronze
149,Lance Niekro,2003,2007,4,195,535,17,79,61,123,87.4,4.2,29.1,7.7,27.6,17.0,Bronze
150,Deivi Cruz,2004,2005,2,208,652,12,74,72,172,91.5,4.7,39.8,4.8,13.3,17.0,Bronze
151,Jim Wohlford,1980,1982,3,238,569,4,56,58,129,88.9,3.7,32.7,7.4,22.4,16.9,Bronze
152,Joaquín Arias,2012,2015,4,361,843,7,72,70,208,84.7,4.8,25.5,13.1,23.5,16.4,Bronze
153,Hal Lanier,1964,1971,8,1101,3743,8,262,283,803,53.1,18.1,4.6,43.9,2.0,16.0,Bronze
154,Eddie Bressoud,1958,1961,4,345,1064,21,88,106,226,87.5,7.0,29.6,12.6,12.2,15.9,Bronze
155,Darren Lewis,1991,1995,5,496,2054,9,126,280,455,79.0,12.7,15.3,19.2,18.4,15.9,Bronze
156,Calvin Murray,1999,2002,4,240,627,8,52,90,132,84.0,4.3,24.0,9.1,26.0,15.5,Bronze
157,Madison Bumgarner,2009,2019,11,288,679,19,62,51,105,59.6,3.7,5.1,22.4,41.8,15.5,Bronze
158,Chuck Hiller,1961,1965,5,429,1651,13,111,198,354,73.8,9.8,9.7,17.0,30.1,15.3,Bronze
159,Joey Bart,2020,2023,4,162,503,11,38,59,100,83.4,3.1,23.5,6.6,29.6,15.2,Bronze
160,Steve Decker,1990,1996,4,166,506,9,45,35,99,76.9,2.8,10.7,6.7,47.4,14.9,Bronze
161,Héctor Sánchez,2011,2015,5,244,637,10,87,43,143,82.2,4.0,21.9,10.9,23.0,14.6,Bronze
162,Royce Clayton,1991,1995,5,506,1966,18,184,179,445,78.7,12.1,14.8,19.5,11.7,14.3,Bronze
163,Omar Vizquel,2005,2008,4,542,2185,11,177,232,510,77.3,13.7,12.2,19.0,12.8,14.1,Bronze
164,Don Blasingame,1960,1961,2,139,586,2,31,73,123,79.8,3.4,17.9,2.5,32.7,13.4,Bronze
165,A.J. Pierzynski,2004,2004,1,131,510,11,77,45,128,90.6,3.7,36.2,0.6,6.1,13.3,Bronze
166,Dave Martinez,1993,1994,2,188,528,9,54,51,116,88.5,3.6,31.1,4.1,10.2,13.3,Bronze
167,Mike Sadek,1973,1981,8,383,946,5,74,88,184,77.2,5.6,11.7,20.5,19.9,13.3,Bronze
168,Mike Benjamin,1989,1995,7,299,709,13,51,79,125,65.3,4.0,6.1,16.1,34.7,13.2,Bronze
169,Joey Amalfitano,1960,1963,3,269,947,4,57,122,213,82.1,5.8,20.9,8.4,17.3,13.2,Bronze
170,Emmanuel Burriss,2008,2012,5,281,801,1,42,87,175,66.7,4.1,6.6,12.2,33.2,12.3,Bronze
171,Marc Hill,1975,1980,6,431,1370,23,139,94,272,78.1,8.3,14.3,18.7,6.6,11.8,Bronze
172,Edgar Renteria,2009,2010,2,196,777,8,70,76,182,81.8,4.9,20.4,4.4,16.8,11.8,Bronze
173,Dave Roberts,1979,2008,3,192,578,2,32,79,127,82.1,3.8,21.4,5.9,15.1,11.8,Bronze
174,Brad Wellman,1982,1986,5,264,706,3,58,55,143,69.8,3.7,8.2,11.6,28.1,11.5,Bronze
175,Max Venable,1979,1983,5,302,679,7,48,72,135,78.0,4.0,13.8,12.8,15.8,11.1,Bronze
176,John Bowker,2008,2010,3,183,513,15,58,47,113,84.2,3.5,24.5,5.6,7.1,11.0,Bronze
177,Bob Melvin,1986,1988,3,265,842,24,83,78,173,80.2,5.4,18.4,8.3,10.7,10.9,Bronze
178,Jim Barr,1971,1983,10,421,601,1,31,28,83,36.0,2.0,3.6,25.1,15.1,9.7,Bronze
179,Kirk Rueter,1996,2005,10,277,618,0,33,41,86,29.6,2.1,2.6,20.4,20.7,9.6,Bronze
180,Juan Marichal,1960,1973,14,462,1341,4,75,73,202,24.9,4.8,2.0,33.1,3.6,9.4,Bronze
181,Eli Whiteside,2009,2012,4,199,525,10,42,51,102,77.9,3.1,13.3,7.8,14.3,9.3,Bronze
182,Rob Andrews,1977,1979,3,281,873,3,49,103,194,79.6,5.1,16.8,8.8,4.1,9.2,Bronze
183,Roger Metzger,1978,1980,3,197,574,0,48,46,128,79.7,3.2,17.3,6.1,8.2,9.0,Bronze
184,John Patterson,1992,1995,4,228,636,5,52,74,121,69.6,3.5,7.7,8.8,18.9,8.9,Bronze
185,Gaylord Perry,1962,1971,10,376,849,3,26,31,98,10.6,2.0,0.5,23.6,16.3,8.7,Bronze
186,Mike Matheny,2005,2006,2,181,662,16,77,52,144,81.6,4.4,19.9,3.9,3.1,8.7,Bronze
187,Manny Trillo,1984,1985,2,223,942,7,61,81,203,79.4,5.2,16.3,5.3,5.1,8.5,Bronze
188,Ken Reitz,1976,1976,1,155,614,5,66,40,154,82.9,3.5,23.0,1.4,1.0,8.4,Bronze
189,Matt Cain,2005,2017,13,332,708,7,34,27,74,18.2,2.1,1.0,27.2,7.7,7.9,Bronze
190,Jose Vizcaino,1997,2006,2,215,766,6,55,93,176,79.3,4.8,15.8,5.0,1.5,7.5,Bronze
191,Bruce Miller,1973,1976,4,196,593,1,51,43,136,70.7,3.1,8.7,7.7,9.7,7.0,Bronze
192,Mike McCormick,1958,1970,9,332,627,4,29,40,82,34.4,2.3,3.1,20.5,5.6,6.8,Bronze
193,Jack Sanford,1959,1965,7,238,541,3,27,44,72,42.2,2.2,4.1,14.1,8.7,6.4,Bronze
194,Tim Lincecum,2007,2015,9,262,579,0,19,26,53,18.5,1.5,1.5,18.2,9.2,6.4,Bronze
195,Rennie Stennett,1980,1981,2,158,517,3,44,42,117,76.0,2.8,10.2,3.1,2.6,5.0,Bronze
196,Neifi Perez,2003,2004,2,223,706,3,64,55,158,67.9,4.0,7.1,5.3,0.5,4.5,Bronze
