Rank,Name,FirstYear,LastYear,Seasons,IP,Wins,Losses,Saves,SO,ERA_plus,G,O,L,D,GOLD,Tier
1,Juan Marichal,1960,1973,14,3440.4,238,140,2,2281,129.4,100.0,91.1,100.0,94.9,96.3,Gold Standard
2,Gaylord Perry,1962,1971,10,2292.0,134,109,9,1606,120.7,65.5,80.4,66.3,83.5,73.7,Silver
3,Madison Bumgarner,2009,2019,11,1843.2,119,92,0,1794,120.3,59.8,79.7,59.1,81.6,70.0,Silver
4,Matt Cain,2005,2017,13,2081.7,104,118,0,1694,112.9,59.8,72.8,68.8,82.3,70.0,Bronze
5,Tim Lincecum,2007,2015,9,1641.8,108,83,1,1704,115.4,54.9,76.6,50.2,93.7,68.2,Bronze
6,Gary Lavelle,1974,1984,11,977.3,73,67,127,696,129.4,39.3,91.8,40.7,93.0,66.1,Bronze
7,Jason Schmidt,2001,2006,6,1068.5,78,37,0,1065,127.9,36.0,89.9,31.1,96.2,63.2,Bronze
8,Robb Nen,1998,2002,5,376.7,24,25,206,453,171.7,29.0,100.0,14.0,99.4,61.4,Bronze
9,Greg Minton,1975,1987,13,866.6,45,52,125,352,121.8,30.1,81.6,42.9,94.3,61.0,Bronze
10,Jim Barr,1971,1983,10,1798.0,90,96,11,650,111.2,42.2,69.6,55.8,77.2,60.2,Bronze
11,Frank Linzy,1963,1970,7,529.1,48,39,77,258,144.8,21.3,97.5,21.9,98.7,59.8,Bronze
12,Sergio Romo,2008,2016,9,438.5,32,26,84,498,146.3,21.9,98.1,24.6,89.2,58.8,Bronze
13,Rod Beck,1991,1997,7,461.6,21,28,199,393,132.2,28.4,93.7,20.5,89.9,58.7,Bronze
14,Bobby Bolin,1961,1969,9,1280.7,73,56,22,977,111.9,38.7,70.9,42.5,82.9,58.0,Bronze
15,Brian Wilson,2006,2012,7,318.6,20,20,171,340,133.8,23.7,94.9,17.4,92.4,57.6,Bronze
16,Santiago Casilla,2010,2016,7,393.5,32,22,123,366,147.4,22.7,98.7,19.0,85.4,57.3,Bronze
17,Scott Garrelts,1982,1991,10,957.0,69,53,48,703,114.2,32.6,75.3,37.9,81.0,56.2,Bronze
18,Felix Rodriguez,1999,2004,6,401.6,34,19,5,376,138.1,14.1,95.6,16.9,96.8,55.7,Bronze
19,Jeremy Affeldt,2009,2015,7,359.8,17,18,10,293,129.7,11.0,93.0,18.3,95.6,54.0,Bronze
20,Jeff Brantley,1988,1993,6,503.0,29,20,42,384,122.1,17.8,83.5,19.0,97.5,53.7,Bronze
21,Stu Miller,1958,1962,5,679.4,40,35,46,446,124.0,22.4,85.4,20.5,84.8,53.4,Bronze
22,Bill Swift,1992,1994,3,505.5,39,19,1,296,133.3,14.7,94.3,12.2,88.0,52.7,Bronze
23,Mike McCormick,1958,1970,9,1739.0,104,94,11,976,102.7,47.2,48.1,52.3,66.5,52.3,Bronze
24,Tyler Rogers,2019,2023,5,275.4,19,13,18,207,140.6,9.7,96.2,11.9,90.5,52.2,Bronze
25,Jarlín García,2020,2022,3,151.3,9,8,2,138,168.3,4.9,99.4,4.6,100.0,52.2,Bronze
26,Javier López,2010,2016,7,249.6,17,8,10,184,143.3,8.2,96.8,16.0,87.3,52.2,Bronze
27,Al Holland,1979,1982,4,318.5,19,11,19,247,129.6,10.8,92.4,10.5,91.1,51.3,Bronze
28,Atlee Hammaker,1982,1990,8,1005.9,58,59,5,583,106.1,27.2,61.4,34.4,86.7,50.8,Bronze
29,John Montefusco,1974,1980,7,1180.8,59,62,0,869,107.6,32.8,63.9,35.8,70.3,50.2,Bronze
30,Randy Moffitt,1972,1981,10,680.0,35,46,83,397,110.6,24.0,67.7,32.0,78.5,49.6,Bronze
31,Frank Williams,1984,1986,3,231.2,14,9,4,178,125.2,7.1,86.7,6.3,98.1,49.0,Bronze
32,Logan Webb,2019,2023,5,649.5,42,32,0,598,121.8,20.6,81.0,19.9,71.5,48.8,Bronze
33,Michael Jackson,1992,1994,3,201.2,15,14,7,201,126.6,7.4,88.6,5.7,91.8,48.3,Bronze
34,Kirk Rueter,1996,2005,10,1611.2,105,80,0,679,99.6,41.1,39.2,51.9,63.3,47.1,Bronze
35,Johnny Cueto,2016,2021,6,612.6,39,27,0,539,111.3,19.1,70.3,21.4,79.7,47.0,Bronze
36,Don McMahon,1969,1974,6,303.6,29,15,36,236,117.7,12.9,77.8,14.8,84.2,47.0,Bronze
37,Tim Worrell,2001,2006,4,248.3,17,13,44,195,125.5,10.9,87.3,9.0,77.8,46.9,Bronze
38,Kevin Gausman,2020,2021,2,251.2,17,9,0,306,127.2,9.0,89.2,4.5,80.4,46.4,Bronze
39,George Kontos,2012,2017,6,307.8,15,14,0,252,123.5,8.8,84.8,14.9,76.6,46.4,Bronze
40,Vida Blue,1978,1986,6,1130.4,72,58,0,704,105.1,31.5,57.6,32.4,65.8,46.4,Bronze
41,Sam Jones,1959,1961,3,632.3,47,37,6,504,112.8,20.3,72.2,14.9,74.7,45.6,Bronze
42,Camilo Doval,2021,2023,3,161.4,17,13,69,204,127.9,11.8,90.5,4.9,65.2,44.7,Bronze
43,Scott Eyre,2002,2005,4,188.4,6,5,2,156,125.6,5.2,88.0,7.7,72.2,43.9,Bronze
44,Hunter Strickland,2014,2018,5,225.3,14,14,19,211,122.2,8.6,84.2,10.8,69.0,43.8,Bronze
45,John Cumberland,1970,1972,3,221.0,11,10,2,79,118.6,5.2,78.5,6.1,86.1,43.5,Bronze
46,Bob Shaw,1964,1966,3,359.3,24,19,13,226,114.4,11.2,75.9,9.1,75.9,43.1,Bronze
47,Dave Heaverlo,1975,1977,3,237.2,12,6,3,133,122.0,6.3,82.3,6.5,75.3,42.9,Bronze
48,Jack Sanford,1959,1965,7,1404.5,89,67,4,781,100.8,38.2,44.3,40.5,50.0,42.9,Bronze
49,Sam Dyson,2017,2019,3,159.1,11,8,19,130,124.3,6.4,86.1,4.8,68.4,42.4,Bronze
50,Ed Halicki,1974,1980,7,1025.8,52,65,1,691,105.1,27.8,56.3,32.5,50.6,41.9,Bronze
51,Johnny Antonelli,1958,1960,3,635.3,41,30,15,365,113.0,18.5,73.4,14.9,56.3,41.8,Bronze
52,John Johnstone,1997,2000,4,221.4,13,15,3,194,117.6,7.0,77.2,8.4,73.4,41.6,Bronze
53,Bob Knepper,1976,1990,7,969.3,53,55,0,527,101.6,25.1,46.2,31.3,69.6,41.6,Bronze
54,Carlos Rodón,2022,2022,1,178.0,14,8,0,237,122.1,6.9,82.9,0.6,70.9,41.2,Bronze
55,Tyler Walker,2004,2008,5,196.7,18,14,24,163,111.2,8.5,69.0,10.2,79.1,41.1,Bronze
56,Shawn Estes,1995,2001,7,989.3,64,50,0,795,100.4,30.0,43.0,31.7,63.9,41.0,Bronze
57,Joe Gibbon,1966,1969,4,223.0,12,13,5,142,113.4,6.4,74.7,8.5,72.8,40.6,Bronze
58,Russ Ortiz,1998,2007,6,971.8,69,47,0,739,103.0,29.6,50.0,29.0,51.9,40.1,Bronze
59,Don Robinson,1987,1991,5,693.7,42,33,14,400,102.8,19.8,49.4,20.8,67.7,38.4,Bronze
60,Tony Watson,2018,2021,4,162.1,11,9,2,147,119.4,5.3,79.1,7.2,58.2,38.4,Bronze
61,Ty Blach,2016,2019,4,304.5,15,19,0,161,103.2,7.6,51.9,10.2,88.6,37.6,Bronze
62,Jake Peavy,2014,2016,3,306.6,19,19,0,238,105.4,9.1,60.1,7.9,74.1,37.2,Bronze
63,Charlie Williams,1972,1978,7,482.3,18,16,4,204,105.3,11.1,58.9,20.9,58.9,36.9,Bronze
64,Lindy McDaniel,1966,1968,3,212.5,12,11,8,150,109.2,6.6,65.8,5.9,64.6,35.8,Bronze
65,Craig Lefferts,1987,1989,3,246.2,8,15,35,147,113.3,8.6,74.1,6.7,48.1,35.7,Bronze
66,Fred Breining,1980,1983,4,428.7,27,20,1,255,106.5,11.8,62.7,12.8,53.2,35.6,Bronze
67,Jean Machi,2012,2015,4,160.3,11,2,2,128,112.6,5.1,71.5,7.1,54.4,35.3,Bronze
68,Anthony DeSclafani,2021,2023,3,285.4,17,17,0,248,107.4,8.7,63.3,7.5,60.8,35.3,Bronze
69,Noah Lowry,2003,2007,5,617.4,40,31,0,420,106.5,17.7,62.0,19.2,36.7,35.1,Bronze
70,Jonathan Sánchez,2006,2011,6,707.3,38,46,0,736,100.0,22.7,40.5,23.4,57.0,35.0,Bronze
71,Jerome Williams,2003,2005,3,276.3,17,14,0,179,108.9,7.7,65.2,7.3,55.7,34.5,Bronze
72,Billy O'Dell,1960,1964,5,919.6,56,49,8,620,102.6,26.6,47.5,25.6,34.2,34.2,Bronze
73,Ron Bryant,1967,1974,7,907.4,57,55,1,502,99.0,24.5,34.8,30.0,51.3,34.0,Bronze
74,Billy Pierce,1962,1964,3,310.1,22,17,12,157,105.1,9.4,57.0,8.0,62.0,33.9,Bronze
75,Kelly Downs,1986,1992,7,760.6,47,38,1,494,100.0,21.4,41.1,26.8,48.7,33.9,Bronze
76,Rick Reuschel,1987,1991,5,600.3,44,30,1,283,104.4,16.3,55.7,18.8,42.4,33.8,Bronze
77,Jim Brower,2003,2005,3,223.1,17,13,4,153,107.7,7.0,64.6,6.2,55.1,33.7,Bronze
78,Mike Krukow,1983,1989,7,1152.6,66,56,1,802,94.9,32.4,24.7,35.2,45.6,33.3,Bronze
79,Ryan Vogelsong,2000,2015,7,825.0,48,49,0,646,95.3,24.2,27.2,28.2,60.1,33.1,Bronze
80,Jim Willoughby,1971,1974,4,254.4,11,14,1,115,103.4,6.0,53.2,9.1,67.1,33.0,Bronze
81,Jeff Samardzija,2016,2020,5,651.8,33,45,0,548,101.3,19.0,45.6,19.9,46.8,32.7,Bronze
82,Elias Sosa,1972,1974,3,223.2,19,12,27,128,111.0,8.7,68.4,6.2,38.0,31.9,Bronze
83,Kevin Correia,2003,2008,6,396.6,14,22,0,289,102.8,10.3,48.7,16.8,53.8,31.8,Bronze
84,Joe Nathan,1999,2016,5,269.5,25,10,1,205,103.0,9.0,50.6,11.8,57.6,31.7,Bronze
85,Dereck Rodríguez,2018,2020,3,221.1,12,15,0,162,103.8,6.2,54.4,6.1,59.5,31.3,Bronze
86,Dave Dravecky,1987,1989,3,162.1,11,7,0,102,109.4,4.6,66.5,4.9,44.9,31.3,Bronze
87,Jeff Robinson,1984,1987,4,383.6,19,26,18,282,100.3,12.0,42.4,11.9,61.4,31.0,Bronze
88,John Burkett,1987,1994,6,995.7,67,42,1,591,97.3,27.9,31.0,29.5,33.5,30.3,Bronze
89,Jim Duffalo,1961,1965,5,252.4,15,7,6,176,105.8,7.6,60.8,11.4,37.3,30.3,Bronze
90,Doyle Alexander,1981,1981,1,152.1,11,7,0,77,110.6,4.2,67.1,0.0,44.3,30.2,Bronze
91,Ray Sadecki,1966,1969,4,684.3,32,39,0,517,99.1,18.9,36.1,18.3,49.4,30.0,Bronze
92,Mike Caldwell,1974,1976,3,459.3,22,25,3,195,99.5,11.1,38.6,11.2,62.7,29.7,Bronze
93,Ron Herbel,1963,1969,7,716.8,33,29,5,364,99.5,17.9,37.3,25.9,39.2,29.6,Bronze
94,Rich Rodriguez,1997,1999,3,186.5,11,3,3,120,105.2,5.4,58.2,5.4,46.2,29.4,Bronze
95,Tom Griffin,1979,1981,3,330.4,18,15,2,244,102.2,9.5,46.8,8.4,52.5,29.1,Bronze
96,Alex Cobb,2022,2023,2,300.3,14,15,0,282,105.4,9.0,59.5,5.5,31.6,28.0,Bronze
97,Dustin Hermanson,2003,2004,2,170.0,8,10,17,129,103.7,6.0,53.8,2.7,43.0,27.1,Bronze
98,Chad Zerbe,2000,2003,4,150.3,6,1,0,70,104.3,3.5,55.1,6.9,40.5,27.0,Bronze
99,Francisco Oliveras,1990,1992,3,178.4,8,11,5,106,103.2,4.9,51.3,5.2,43.7,26.6,Bronze
100,Brad Hennessey,2004,2008,5,359.5,17,23,20,192,99.4,10.5,36.7,13.7,47.5,26.4,Bronze
101,Mike LaCoss,1986,1991,6,763.6,47,49,6,382,97.5,20.4,32.3,24.6,27.2,26.2,Bronze
102,Ed Whitson,1979,1981,3,434.3,22,30,0,217,100.0,10.8,41.8,10.7,41.1,26.1,Bronze
103,Liván Hernández,1999,2002,4,745.4,45,45,0,484,94.8,20.8,23.4,19.6,41.8,25.5,Bronze
104,Trevor Wilson,1988,1995,7,719.4,41,46,0,425,95.2,19.2,26.6,26.0,29.1,24.8,Bronze
105,Bill Laskey,1982,1986,5,685.5,41,48,1,290,94.8,17.1,24.1,20.6,38.6,24.2,Bronze
106,Brett Tomko,2004,2005,2,384.2,19,22,1,222,101.2,9.9,44.9,7.3,31.0,24.1,Bronze
107,Barry Zito,2007,2013,7,1137.7,63,80,0,787,89.4,31.6,8.2,34.9,24.1,23.7,Bronze
108,Steve Stone,1971,1972,2,233.4,11,17,0,148,100.6,6.1,43.7,4.1,39.9,23.7,Bronze
109,Al Worthington,1958,1959,2,224.2,13,10,9,121,103.3,6.6,52.5,3.9,25.9,23.7,Bronze
110,Jerry Johnson,1970,1972,3,247.2,23,19,29,186,99.7,10.3,39.9,6.7,34.8,23.4,Bronze
111,Mark Gardner,1996,2001,6,950.4,58,45,0,663,90.8,27.1,12.0,28.6,25.3,22.5,Bronze
112,Mark Davis,1983,1987,5,553.6,25,45,11,479,92.0,16.8,15.2,17.8,36.1,20.4,Bronze
113,Alex Wood,2021,2023,3,365.6,23,21,0,357,95.7,11.8,28.5,9.2,29.7,19.9,Bronze
114,William VanLandingham,1994,1997,4,476.4,27,26,0,300,93.9,12.9,21.5,13.9,32.9,19.7,Bronze
115,Bud Black,1991,1994,4,538.4,34,32,0,259,93.0,14.0,19.6,15.2,30.4,19.2,Bronze
116,Yusmeiro Petit,2012,2015,4,245.2,10,7,1,240,98.7,7.4,34.2,8.9,22.2,18.7,Bronze
117,Julian Tavarez,1997,1999,3,227.4,13,7,1,123,99.0,6.0,35.4,6.3,23.4,18.4,Bronze
118,Jakob Junis,2022,2023,2,198.0,9,10,1,194,98.6,6.1,33.5,3.3,28.5,18.2,Bronze
119,Mark Portugal,1994,1995,2,241.1,15,13,0,150,99.5,6.7,38.0,4.2,19.0,18.0,Bronze
120,Derek Holland,2018,2019,2,239.3,9,13,0,240,97.4,7.1,31.6,4.2,27.8,18.0,Bronze
121,Mark Leiter,1995,1996,2,330.3,14,22,0,247,95.6,8.9,27.8,6.1,24.7,17.2,Bronze
122,Bryan Hickerson,1991,1994,4,355.3,18,18,1,239,93.8,9.7,20.9,11.3,26.6,16.7,Bronze
123,Matt Morris,2006,2007,2,343.4,17,22,0,190,96.4,8.7,29.1,6.4,20.3,16.7,Bronze
124,Don Larsen,1962,1964,3,158.2,12,12,14,108,96.9,5.8,29.7,4.8,21.5,15.9,Bronze
125,Chris Heston,2014,2016,3,187.3,13,12,0,148,96.9,5.7,30.4,5.4,15.2,15.0,Bronze
126,Chris Stratton,2016,2018,3,213.2,15,14,1,169,92.4,6.6,16.5,6.0,32.3,14.6,Bronze
127,Dave LaPoint,1985,1985,1,206.2,7,17,0,122,98.1,5.0,32.9,1.2,11.4,13.9,Bronze
128,Tim Hudson,2014,2015,2,312.3,17,22,0,184,95.0,8.2,25.3,5.8,12.0,13.6,Bronze
129,José Bautista,1995,1996,2,169.4,6,12,0,73,92.2,3.8,15.8,2.7,35.4,13.5,Bronze
130,John D'Acquisto,1973,1976,4,376.2,18,27,0,271,90.6,10.3,11.4,11.7,20.9,13.0,Bronze
131,Bob Hendley,1964,1965,2,178.1,10,11,1,112,94.8,4.9,22.8,2.9,12.7,11.4,Bronze
132,Tom Bradley,1973,1975,3,400.1,23,26,0,221,89.8,10.5,8.9,9.9,16.5,11.1,Bronze
133,Pete Falcone,1975,1975,1,190.0,12,11,0,131,95.1,5.4,25.9,0.8,5.7,10.7,Bronze
134,Guillermo Mota,2010,2012,3,154.3,3,6,2,139,93.6,4.2,20.3,4.7,10.1,10.3,Bronze
135,Dave Burba,1992,2004,5,288.5,20,18,0,268,88.7,9.4,6.3,12.2,15.8,10.3,Bronze
136,Andrew Suárez,2018,2020,3,201.5,7,15,0,160,90.4,5.4,10.8,5.7,19.6,9.9,Bronze
137,Aaron Fultz,2000,2002,3,181.2,10,5,2,160,92.6,5.6,17.7,5.3,8.9,9.8,Bronze
138,Rich Robertson,1966,1971,6,301.4,13,14,2,184,84.2,7.8,1.9,14.8,18.4,9.5,Bronze
139,Orel Hershiser,1998,1998,1,202.0,11,10,0,126,94.4,5.4,22.2,1.1,3.8,9.3,Bronze
140,Dave Righetti,1991,1993,3,196.4,5,15,28,129,88.3,6.8,5.1,5.6,22.8,9.2,Bronze
141,Matt Moore,2016,2017,2,242.2,12,20,0,217,88.8,7.2,7.0,4.3,17.7,8.6,Bronze
142,Ryan Jensen,2001,2003,3,226.4,14,10,0,134,90.1,6.2,9.5,6.2,13.3,8.6,Bronze
143,Jim Gott,1985,1987,3,217.1,8,10,1,150,91.0,5.7,12.7,6.0,7.0,8.1,Bronze
144,Osvaldo Fernández,1996,1997,2,227.3,10,17,0,137,91.5,5.8,14.6,3.9,5.1,7.9,Bronze
145,Allen Watson,1996,1996,1,185.2,8,12,0,128,92.7,4.9,19.0,0.7,2.5,7.8,Bronze
146,Terry Mulholland,1986,1997,5,289.4,8,22,0,141,82.0,6.4,1.3,12.2,13.9,7.5,Bronze
147,Ramon Monzant,1958,1960,2,151.2,8,11,1,94,89.3,4.1,7.6,2.3,17.1,7.4,Bronze
148,Billy Loes,1960,1961,2,159.4,9,7,5,83,91.4,4.5,13.9,2.5,6.3,7.3,Bronze
149,Renie Martin,1982,1984,3,258.3,10,15,1,114,87.3,5.9,3.8,6.9,14.6,7.2,Bronze
150,Rubén Gómez,1958,1958,1,207.2,10,12,1,112,92.4,5.3,17.1,1.2,1.3,7.2,Bronze
151,John Curtis,1977,1979,3,260.2,17,15,2,170,88.1,7.6,4.4,7.0,10.8,7.1,Bronze
152,Jamey Wright,2006,2006,1,156.0,6,10,0,79,92.7,3.7,18.4,0.1,1.9,7.0,Bronze
153,Frank Reberger,1970,1972,3,294.3,13,12,2,190,85.7,7.8,3.2,7.7,9.5,6.7,Bronze
154,Allen Ripley,1980,1981,2,202.4,13,14,0,112,90.3,5.5,10.1,3.4,3.2,6.0,Bronze
155,Sam McDowell,1972,1973,2,204.1,11,10,3,157,88.7,6.1,5.7,3.5,8.2,5.9,Bronze
156,Rich Gale,1982,1982,1,170.1,7,14,0,102,91.2,4.3,13.3,0.4,0.6,5.5,Bronze
157,Don Carrithers,1970,1973,4,250.1,12,14,2,133,81.6,6.4,0.6,9.0,4.4,4.8,Bronze
158,Danny Darwin,1997,1998,2,192.2,9,13,0,111,85.1,4.9,2.5,3.2,7.6,4.4,Bronze
